,FM_1,FM_2,FM_3,FM_4,FM_5,FM_6,Methods,Labels
0,1.0,0.9994927760683614,0.9816047264315326,0.9973225095267876,0.9814208189362154,0.9893442443191659,bi_SearchFromTo_AODU_1,-1
1,0.9994927760683614,1.0,0.9754705304115369,0.9990604985760656,0.9752633143679608,0.9844970789829697,entropy_AODU_1,1
2,0.9816047264315326,0.9754705304115369,1.0,0.9651986340701052,0.9992476779768673,0.9989091559571521,get_array_value_AODU_1,-1
3,0.9973225095267876,0.9990604985760656,0.9651986340701052,1.0,0.9649187144151,0.9761814061329045,kurtosis_AODU_1,1
4,0.9814208189362154,0.9752633143679608,0.9992476779768673,0.9649187144151,1.0,0.9982730343298566,sequential_search_AODU_1,-1
5,0.9893442443191659,0.9844970789829697,0.9989091559571521,0.9761814061329045,0.9982730343298566,1.0,sum_labeled_AODU_1,-1
